epoch;accuracy;loss;val_accuracy;val_loss
0;0.9561942;0.3373825214590345;0.9530729055404663;0.3693911369641622
0;0.95978785;0.3176890119484493;0.9639661908149719;0.2768304169178009
0;0.96089345;0.30862606809252785;0.9579079747200012;0.3332945277293523
0;0.9596403;0.32097771533897945;0.9637760519981384;0.28596155206362406
1;0.959541;0.318355701480593;0.9637760519981384;0.285944316983223
2;0.95936817;0.3138010919945581;0.9637760519981384;0.2859005246559779
3;0.95972306;0.321170186144965;0.9637760519981384;0.2859005246559779
4;0.95974106;0.32118353452001297;0.9637760519981384;0.2859005246559779
